paper_id,source,twomass_id,class,d_pc,spectral_type,Mstar_Msun,log_Lstar_Lsun,log_Mdot_Msun_yr,F089_mJy,n13_26,water_components,reported_C_molecules,reference
MP1,J16042165,J16042165-2130284,MP,144.6,K2,1.25,-0.01,<-10.34,217.40,1.64,0,,Xie et al. 2026 Table 1
MP2,J16064794,J16064794-1841437,MP,155.8,K9,0.56,-0.17,-9.42,119.05,3.19,0,,Xie et al. 2026 Table 1
MP3,J16052157,J16052157-1821412,MP,148.9,K4,1.05,-0.04,-8.96,45.43,1.92,0,,Xie et al. 2026 Table 1
MP4,J16035767,J16035767-2031055,MP,142.6,K5,0.81,-0.20,-9.29,5.83,0.52,0,,Xie et al. 2026 Table 1
MP5,J16141107,J16141107-2305362,MP,138.8,K9,0.67,-0.68,-9.04,5.05,-1.29,0,,Xie et al. 2026 Table 1
MP6,J16062196,J16062196-1928445,MP,142.0,M1,0.42,-0.45,-8.90,4.87,1.25,0,,Xie et al. 2026 Table 1
MP7,J16111534,J16111534-1757214,MP,135.3,M1,0.40,-0.55,<-9.69,<0.65,-1.18,0,,Xie et al. 2026 Table 1
MR1,J16142029,J16142029-1906481,MR,138.8,K9,0.67,-0.68,-9.04,41.45,-0.19,2,,Xie et al. 2026 Tables 1-2
MR2,J16075796,J16075796-2040087,MR,135.9,K4,0.71,-0.96,-8.96,23.9,-0.44,2,C2H2;HCN,Xie et al. 2026 Tables 1-2
MR3,J16153456,J16153456-2242421,MR,136.9,M0,0.48,-0.41,-8.68,12.84,0.85,2,HCN,Xie et al. 2026 Tables 1-2
MR4,J16123916,J16123916-1859284,MR,134.7,M2,0.33,-0.54,-8.69,9.45,-0.50,2,C2H2;13C12CH2;HCN;CO2;13CO2;HC3N;C4H2,Xie et al. 2026 Tables 1-2
MR5,J16120505,J16120505-2043404,MR,122.5,M4,,-1.10,-9.50,3.47,-0.97,2,C2H2;13C12CH2;HCN;CO2;13CO2;HC3N;C4H2,Xie et al. 2026 Tables 1-2
MR6,J16153220,J16153220-2010236,MR,142.0,M2,0.31,-0.57,-9.13,1.92,-0.08,1,C2H2;13C12CH2;HCN;CO2;HC3N;C4H2,Xie et al. 2026 Tables 1-2
MR7,J16064385,J16064385-1908056,MR,145.3,K8,0.69,-0.47,-9.95,<0.75,-0.90,2,C2H2;13C12CH2;HCN;CO2;13CO2;HC3N;C4H2,Xie et al. 2026 Tables 1-2
