source,component,logN,logN_minus,logN_plus,T_K,T_minus_K,T_plus_K,logA,logA_minus,logA_plus,status,notes
J16142029,H2O_hot,17.97,0.04,0.04,870,20,20,-0.03,0.03,0.03,fit,
J16142029,H2O_warm,17.55,0.08,0.07,490,10,10,0.8,0.02,0.02,fit,
J16142029,C2H2,14.3,,,490,,,0.8,,,upper_limit,T and A fixed to warm H2O
J16142029,HCN,15.0,,,490,,,0.8,,,upper_limit,T and A fixed to warm H2O
J16142029,CO2,14.9,,,490,,,0.8,,,upper_limit,T and A fixed to warm H2O
J16075796,H2O_hot,17.49,0.04,0.04,980,30,30,-0.07,0.02,0.02,fit,
J16075796,H2O_warm,18.47,0.26,0.30,350,20,20,0.73,0.07,0.07,fit,
J16075796,C2H2,18.3,0.1,0.1,1260,140,190,-2.1,0.10,0.08,fit,
J16075796,HCN,13.4,1.2,1.6,1020,30,30,2.8,1.6,1.2,fit,
J16075796,CO2,15.0,,,350,,,0.73,,,upper_limit,T and A fixed to warm H2O
J16153456,H2O_hot,17.49,0.03,0.03,850,30,30,-0.53,0.02,0.02,fit,
J16153456,H2O_warm,15.99,0.67,0.22,490,10,10,1.48,0.20,0.64,fit,
J16153456,C2H2,12.5,,,490,,,1.48,,,upper_limit,T and A fixed to warm H2O
J16153456,HCN,16.25,0.14,0.12,510,30,30,-0.68,0.07,0.07,fit,
J16153456,CO2,13.2,,,490,,,1.48,,,upper_limit,T and A fixed to warm H2O
J16123916,H2O_hot,17.77,0.09,0.10,680,20,20,-0.99,0.04,0.04,fit,
J16123916,H2O_warm,16.49,0.15,0.13,440,10,10,0.78,0.10,0.13,fit,
J16123916,C2H2,16.59,0.05,0.06,740,20,20,-1.73,0.04,0.04,fit,
J16123916,13C12CH2,16.17,,,,,,,,,fit,T and A tied to C2H2
J16123916,HCN,15.45,0.06,0.06,500,10,10,0.22,0.05,0.06,fit,
J16123916,CO2,16.51,0.11,0.10,320,20,20,-0.49,0.05,0.07,fit,
J16123916,13CO2,15.26,,,,,,,,,fit,T and A tied to CO2
J16123916,HC3N,14.88,0.12,0.20,250,40,40,0.0,,,fit,A fixed
J16123916,C4H2,14.83,0.72,0.76,160,40,70,0.0,,,fit,A fixed
J16120505,H2O_hot,19.78,0.25,0.18,740,50,60,-2.35,0.14,0.11,fit,
J16120505,H2O_warm,18.18,0.17,0.19,580,20,20,-1.53,0.03,0.03,fit,
J16120505,C2H2,16.78,0.06,0.07,310,20,20,-0.64,0.05,0.05,fit,
J16120505,13C12CH2,16.29,,,,,,,,,fit,T and A tied to C2H2
J16120505,HCN,16.10,0.06,0.06,470,20,20,-0.86,0.04,0.04,fit,
J16120505,CO2,16.90,0.09,0.10,420,30,20,-1.18,0.05,0.05,fit,
J16120505,13CO2,15.63,,,,,,,,,fit,T and A tied to CO2
J16120505,HC3N,15.08,0.14,0.14,170,10,20,0.0,,,fit,A fixed
J16120505,C4H2,15.12,0.14,0.13,170,10,20,0.0,,,fit,A fixed
J16153220,H2O_warm,16.92,0.03,0.02,575,10,10,-0.08,0.02,0.02,fit,one water component
J16153220,C2H2,17.06,0.29,0.34,150,20,20,0.96,0.37,0.42,fit,
J16153220,13C12CH2,15.12,,,,,,,,,fit,T and A tied to C2H2
J16153220,HCN,16.16,0.16,0.16,370,40,50,-0.88,0.11,0.13,fit,
J16153220,CO2,16.5,0.6,0.6,270,80,100,-0.73,0.44,0.55,fit,
J16153220,HC3N,15.89,0.16,0.16,160,10,10,0.0,,,fit,A fixed
J16153220,C4H2,14.8,0.73,1.12,140,30,70,0.0,,,fit,A fixed
J16064385,H2O_hot,17.58,0.07,0.07,740,20,20,-1.46,0.03,0.03,fit,
J16064385,H2O_warm,16.73,0.16,0.12,480,10,10,-0.29,0.07,0.11,fit,
J16064385,C2H2,16.06,0.11,0.10,490,20,20,-1.23,0.08,0.09,fit,
J16064385,13C12CH2,15.52,,,,,,,,,fit,T and A tied to C2H2
J16064385,HCN,15.76,0.20,0.13,560,20,30,-0.65,0.21,0.40,fit,
J16064385,CO2,16.93,0.29,0.38,300,70,50,-0.89,0.09,0.16,fit,
J16064385,13CO2,15.5,,,,,,,,,fit,T and A tied to CO2
J16064385,HC3N,15.12,0.29,0.34,160,20,20,0.0,,,fit,A fixed
J16064385,C4H2,14.9,0.57,0.63,150,30,60,0.0,,,fit,A fixed
